,Year,Region,EV_charge_points,EV_sales,EV_sales_share,EV_stock,EV_stock_share,Electricity_demand,Oil_displace_M_barrels_day,Oil_displace_M_liters_gasoline
0,2010,Austria,,24.5,0.6250000149011612,132.5,0.30780001179664396,,,
1,2010,Belgium,,21.0,0.012499999720603151,27.4,0.0078999997931532,,,
2,2010,Brazil,,3.0,0.0051000001840293,,,,,
3,2010,Canada,,1.0,0.0013999999500811,,,,,
4,2010,China,,692.9800000190735,0.0728275026121991,851.2,0.013955000093119426,6119.0,0.0002843499984237,17.54449999332428
5,2010,Denmark,,5.0,0.08850000053644175,23.5,0.0083666665013879,,,
6,2010,EU27,,548.8,0.04655000095954162,1020.0,0.0093500000075437,,,
7,2010,Europe,,715.8,0.034774999949149725,2533.8333333333335,0.01242500008083875,88.25,6.150000081105e-05,3.50250007212162
8,2010,France,,335.3333333333333,0.15950000472366804,423.2,0.017985000580665576,,,
9,2010,Germany,,155.0,0.0459499987773597,235.0,0.006290000048466,,,
10,2010,Iceland,,1.0,1.899999976158142,7.0,0.021899999585002633,,,
11,2010,India,,450.0,0.0209999997168779,880.0,0.0052000000141561,,1.59999999596e-05,0.9100000262260436
12,2010,Israel,,,,6.0,0.0002600000007078,,,
13,2010,Italy,,83.66666666666667,0.042499999127661135,735.0,0.01189999992493535,,,
14,2010,Japan,310.0,2400.0,0.0579999983310699,3500.0,0.0060999998822808,,,
15,2010,Korea,,33.0,0.02149999933317295,33.0,0.00035000000207215,,,
16,2010,Netherlands,400.0,54.0,0.0459999994685252,81.0,0.039399998844601145,,,
17,2010,New Zealand,,10.0,0.0063000000081956,38.0,0.30030501191504294,,,
18,2010,Norway,2800.0,180.5,0.14170000061858445,1351.0,0.1199999973177909,,,
19,2010,Other Europe,,12.0,0.017549999873153803,52.666666666666664,0.0008033333288039666,,,
20,2010,Poland,,6.333333333333333,0.00370000011753285,,,,,
21,2010,Portugal,,720.0,0.3199999928474426,720.0,0.0149999996647238,,,
22,2010,Rest of the world,,,,,,335.50000003228587,2.97000002168e-05,1.7210000082850456
23,2010,Spain,,76.0,0.0076999999582767,76.0,0.0003399999986868,,,
24,2010,Sweden,,4.0,0.001300000003539,4.0,9.20000020414e-05,,,
25,2010,USA,480.0,1200.0,0.0109999999403953,3800.0,0.001700000022538,96.0,0.000159999995958,9.199999809265137
26,2010,United Kingdom,,100.8,0.0480000004172325,1248.2,0.09812499862164253,,,
27,2010,World,,2238.8,0.03538499971909907,4668.333333333333,0.0052499999874271,6477.5,0.0004267500148671,25.125000029802322
28,2011,Australia,,49.0,0.0065000001341104,49.0,0.0004600000102072,,,
29,2011,Austria,0.1000000014901161,8.5,0.4334999918937683,312.75,0.3158500116551295,,,
30,2011,Belgium,,80.5,0.03566666692495343,86.8,0.01059999992139635,,,
31,2011,Brazil,,3.0,0.0043000001460313,,,,,
32,2011,Canada,,174.0,0.021800000569783103,184.0,0.0014949999531381501,,,
33,2011,Chile,1.0,6.0,0.0024000001139938,6.0,0.0002699999895412,,,
34,2011,China,,1025.0,0.051000002073123975,2006.6666666666667,0.029315000239876078,6400.0,0.000305249997609225,18.557500049471855
35,2011,Denmark,,111.5,0.15566666672627127,108.0,0.015950000029988524,,,
36,2011,EU27,,1863.8,0.07632500026375053,2686.6666666666665,0.013825000089127501,,,
37,2011,Europe,,2595.6,0.0582749992026947,4623.333333333333,0.015125000383704849,94.25,0.000135500001306275,7.75
38,2011,Finland,,30.0,0.025000000372529,56.0,0.0020000000949949,,,
39,2011,France,,1104.25,0.2866666615009308,1098.8333333333333,0.033824999583885046,,,
40,2011,Germany,,640.0,0.08599999919533725,780.0,0.01420000009238715,,,
41,2011,Iceland,,2.0,2.200000047683716,7.0,0.021933332861711535,,,
42,2011,India,,1400.0,0.0560000017285347,1300.0,0.0070000002160668,,3.09999995806e-05,1.7999999523162842
43,2011,Israel,,3.0,0.001300000003539,85.0,0.0035000001080334,,,
44,2011,Italy,,65.33333333333333,0.02169999976952867,835.0,0.01300000015180555,,,
45,2011,Japan,800.0,3466.75,0.1596666692445675,4216.75,0.011530000328396699,,,
46,2011,Korea,,137.0,0.0280000008642673,174.5,0.0013849999813828,,,
47,2011,Mexico,,3.0,0.0002600000007078,3.0,1.70000002981e-05,,,
48,2011,Netherlands,400.0,239.0,0.1163333306709925,267.4,0.057250002166256225,,,
49,2011,New Zealand,,5.666666666666667,0.16494999639689922,31.0,0.3106500023859553,,,
50,2011,Norway,1559.0,1021.0,0.7599999867379665,1301.3333333333333,0.08011499821441245,,,
51,2011,Other Europe,,61.0,0.013933333083211099,110.25,0.0011566666459354,,,
52,2011,Poland,,23.0,0.0084000001661479,,,,,
53,2011,Portugal,553.0,97.5,0.06699999887496225,910.0,0.0189999993890523,,,
54,2011,Rest of the world,,42.0,0.0003300000098533,42.0,3.70000016118e-05,348.5666666030884,8.920000365715e-05,5.077499981969595
55,2011,Spain,,140.66666666666666,0.035999999381601755,234.0,0.0020999999251216,,,
56,2011,Sweden,,94.5,0.0365000003948807,94.5,0.0030500000575557,,,
57,2011,Switzerland,,220.5,0.1400000005960464,220.5,0.0099999997764825,,,
58,2011,USA,3900.0,8900.0,0.1700000017881393,11000.0,0.0098999999463558,130.0,0.0006399999838322,37.0
59,2011,United Kingdom,1500.0,286.8,0.0465000011026859,1435.2,0.09282500087283548,,,
60,2011,World,,8835.0,0.04484999971464272,11545.714285714286,0.010299999965354724,6780.0,0.00072175001878345,42.5
61,2012,Australia,,125.0,0.0299999993294477,150.0,0.0027999999001622,,,
62,2012,Austria,0.1000000014901161,137.0,1.3649999797344208,420.2,0.36359998735133553,,,
63,2012,Belgium,,390.0,0.35999998450279236,304.0,0.024674999644048474,,,
64,2012,Brazil,,62.0,0.08149999822489916,,,,,
65,2012,Canada,361.0,641.0,0.0720000003930181,811.6666666666666,0.0062400000460911004,,,
66,2012,Chile,5.0,5.0,0.0020000000949949,11.0,0.0004699999990407,,,
67,2012,China,,2226.6666666666665,0.17650000518187878,4206.666666666667,0.04607500135898585,2756.25,0.00045500000169335,27.44999998807907
68,2012,Denmark,451.5,107.0,0.25149999745190144,242.5,0.03950000042095775,,,
69,2012,EU27,,4309.833333333333,0.21562500169966367,7103.333333333333,0.024274999683257126,,,
70,2012,Europe,,5697.166666666667,0.16974999976810065,10540.0,0.0232499996200203,126.5,0.000295749988708775,17.299999982118607
71,2012,Finland,,90.5,0.1700000017881393,120.0,0.008899999782443,,,
72,2012,France,404.5,2481.25,0.5833333333333334,2762.0,0.06374999973922962,,,
73,2012,Germany,759.0,1450.0,0.27000000327825546,2233.3333333333335,0.040000001899898004,,,
74,2012,Iceland,,7.5,1.0333333015441895,11.0,0.052999999374151154,,,
75,2012,India,,190.0,0.0071999998763203,2800.0,0.0130000002682209,,3.19999999192e-05,1.899999976158142
76,2012,Israel,,300.5,0.270000010728836,305.5,0.0240000002086162,,,
77,2012,Italy,700.5,206.5,0.11900000087916847,1250.0,0.0191500000655651,,,
78,2012,Japan,1400.0,6626.0,0.31433332214752835,11076.5,0.031899999516705635,,,
79,2012,Korea,,256.0,0.028999999165534952,430.5,0.00311499999952495,,,
80,2012,Mexico,,88.0,0.0076000001281499,91.0,0.0004900000058114,,,
81,2012,Netherlands,1410.5,1358.25,0.5413333413501581,1374.0,0.08900000061839815,,,
82,2012,New Zealand,,9.333333333333334,0.0684999991208314,40.333333333333336,0.31629999761935323,,,
83,2012,Norway,1879.0,1427.0,1.6449999511241913,2781.6666666666665,0.17055000178515908,,,
84,2012,Other Europe,,199.75,0.04033333311478294,426.0,0.0027666666622583667,,,
85,2012,Poland,,21.333333333333332,0.01750000007450575,,,,,
86,2012,Portugal,553.5,34.0,0.0775000005960464,960.0,0.0230000000447034,,,
87,2012,Rest of the world,,174.0,0.0027000000700354,194.0,0.0003199999919161,265.9500000476837,0.00018497499326025,10.789999939501286
88,2012,Spain,400.0,246.66666666666666,0.17300000414252276,505.0,0.0044999998062849,,,
89,2012,Sweden,,403.3333333333333,0.5049999952316284,406.5,0.048999999960263496,,,
90,2012,Switzerland,202.0,286.6666666666667,0.3049999997019768,433.3333333333333,0.0339999999850988,,,
91,2012,Turkiye,,92.0,0.0160000007599592,,,,,
92,2012,USA,12000.0,27000.0,0.4099999964237213,37500.0,0.0340000018477439,300.0,0.0015999999595806,91.0
93,2012,United Kingdom,1418.0,600.0,0.11625000066123897,1918.0,0.08724999893456695,,,
94,2012,World,,18865.85714285714,0.11229999945499,31441.428571428572,0.01822500006528565,3245.0,0.00137249999170305,80.07500004768372
95,2013,Australia,,145.0,0.0340000018477439,295.0,0.0054000001400709,,,
96,2013,Austria,0.1000000014901161,222.66666666666666,0.7699333025763432,654.2,0.4311000002780929,,,
97,2013,Belgium,188.5,223.33333333333334,0.169999998062849,446.0,0.030700000235810827,,,
98,2013,Brazil,,94.33333333333333,0.0977499987930059,,,,,
99,2013,Canada,603.5,1036.0,0.10999999660998575,1837.6666666666667,0.0141000003786757,,,
100,2013,Chile,6.5,5.0,0.0019000000320374,16.0,0.0006399999838322,,,
101,2013,China,,3806.6666666666665,0.32875000685453415,7633.333333333333,0.07122500101104373,2290.0,0.000664250021145525,39.94999998807907
102,2013,Denmark,523.0,102.5,0.2532500023953616,308.5,0.0550000006332993,,,
103,2013,EU27,,8613.0,0.2972999981138855,15976.666666666666,0.038100000063423047,,,
104,2013,Europe,,11068.166666666666,0.23927500075660646,21261.666666666668,0.0342750006821006,183.5,0.00053250000837575,30.200000017881393
105,2013,Finland,133.5,110.0,0.209999993443489,235.0,0.0179999992251396,,,
106,2013,France,900.0,3688.5,0.7966666718324026,5176.0,0.10199999902397387,,,
107,2013,Germany,1223.5,1850.5,0.255000002682209,3550.5,0.06050000153481955,,,
108,2013,Greece,10.0,3.0,0.0051000001840293,3.0,5.90000017837e-05,,,
109,2013,Iceland,,37.0,2.9499999284744263,31.8,0.06997500080615278,,,
110,2013,India,,410.0,0.0160000007599592,2900.0,0.0120000001043081,,3.70000016118e-05,2.0999999046325684
111,2013,Israel,,159.00033333334918,0.1050159967217041,509.0,0.0390000008046627,,,
112,2013,Italy,703.0,245.8,0.10600000123182925,1193.3333333333333,0.021949999500066,,,
113,2013,Japan,1800.0,7776.75,0.33399999886751175,18603.25,0.0562666662347813,,,
114,2013,Korea,,303.0,0.0479999985545873,708.5,0.0052000001305714,,,
115,2013,Mexico,,12.0,0.0008800000068731,100.0,0.0005399999790824,,,
116,2013,Netherlands,2910.5,4560.2,1.7024999912828207,5795.8,0.20625000260770318,,,
117,2013,New Zealand,,18.0,0.0189999993890523,52.333333333333336,0.3121500024572014,,,
118,2013,Norway,2298.0,2860.0,3.4500001072883606,5221.666666666667,0.315549997612834,,,
119,2013,Other Europe,,110.5,0.01699999999254935,569.25,0.0033999999674657333,,,
120,2013,Poland,,12.0,0.0084333333652466,,,,,
121,2013,Portugal,608.5,103.5,0.1899999976158142,568.5,0.0270000007003545,,,
122,2013,Rest of the world,,80.5,0.0012000000569969,274.5,0.0004299999854993,315.07499998807907,0.000295225006652775,16.935000024735928
123,2013,South Africa,,34.0,0.0074999998323619,34.0,0.0005799999926239,,,
124,2013,Spain,445.5,318.0,0.1019999980926513,945.0,0.0086000002920627,,,
125,2013,Sweden,5.0,580.0,0.5499999821186066,789.5,0.07533333326379453,,,
126,2013,Switzerland,313.5,493.3333333333333,0.39000000059604645,910.0,0.06499999761581415,,,
127,2013,Turkiye,1.0,1.0,0.000159999995958,230.0,0.0035999999381601,,,
128,2013,USA,15000.0,48500.0,0.7400000095367432,86000.0,0.0780000016093254,540.0,0.0044999998062849,260.0
129,2013,United Kingdom,2830.0,1003.25,0.17999999721844984,2498.0,0.08599999826401467,,,
130,2013,World,,31230.714285714286,0.18700000457465643,62081.42857142857,0.02927500044461335,2915.0,0.0026525000648689,156.25
131,2014,Australia,,660.0,0.1599999964237213,940.0,0.0170000009238719,,,
132,2014,Austria,0.1000000014901161,570.6666666666666,0.23833333080013594,1026.2,0.42759999411646277,,,
133,2014,Belgium,307.5,410.6,0.2204999974928796,711.6666666666666,0.09590000240132207,,,
134,2014,Brazil,,61.0,0.002199999988079,61.0,0.0001800000027287,,,
135,2014,Canada,1177.5,1702.0,0.1685000066645443,3573.0,0.0269000005209818,,,
136,2014,Chile,9.0,8.5,0.0071000000461936,16.5,0.0012000000569969,,,
137,2014,China,15000.0,14986.666666666666,0.7420000014826655,19933.333333333332,0.1897750061471015,2760.5,0.00117575001149815,68.7749999165535
138,2014,Denmark,860.0,434.75,0.5349999889731407,563.1666666666666,0.07349999947473403,,,
139,2014,EU27,,8998.42857142857,0.32922500430140644,22720.285714285714,0.05394999939016992,,,
140,2014,Europe,,14921.57142857143,0.31915000267326826,33104.57142857143,0.04990000091493125,247.0,0.000936500043280775,54.324999928474426
141,2014,Finland,193.0,220.0,0.4099999964237213,465.0,0.0359999984502792,,,
142,2014,France,905.0,4410.0,0.899999996026357,8046.666666666667,0.14750000275671477,,,
143,2014,Germany,1360.0,4740.0,0.3799999952316284,7050.5,0.0879999995231628,,,
144,2014,Greece,8.0,39.0,0.0549999997019767,42.0,0.0008200000156648,,,
145,2014,Iceland,6.0,60.75,1.7699999610582988,77.4,0.10525000095367427,,,
146,2014,India,,1000.0,0.0379999987781047,3400.0,0.0130000002682209,,4.99999987368e-05,2.900000095367432
147,2014,Israel,,29.0,0.0219999998807907,635.0,0.0460000000894069,,,
148,2014,Italy,705.0,404.0,0.1263333347936471,1773.3333333333333,0.02680000010877845,,,
149,2014,Japan,5750.0,8251.5,0.29666666810711223,29354.75,0.08113333551834019,,,
150,2014,Korea,,651.5,0.054000001400709104,1360.0,0.0092500004684552,,,
151,2014,Mexico,,48.0,0.0038000000640749,150.0,0.0007600000244565,,,
152,2014,Netherlands,6060.0,3060.8,1.5417500361800194,9044.4,0.28875000029802317,,,
153,2014,New Zealand,,160.0,0.1400000005960464,158.33333333333334,0.31950000207871193,,,
154,2014,Norway,2655.0,7420.0,8.449999988079071,11953.333333333334,0.7649999856948853,,,
155,2014,Other Europe,,249.2,0.05097499937983227,935.2,0.00434499997209055,,,
156,2014,Poland,62.0,69.66666666666667,0.03469999949447805,,,,,
157,2014,Portugal,608.5,57.0,0.22333333641290665,673.0,0.0289999991655349,,,
158,2014,Rest of the world,,260.0,0.0041999998502433,530.0,0.0007999999797903,459.19999998807907,0.00037615001576792495,22.33500002324581
159,2014,South Africa,,7.5,0.003400000045076,24.5,0.0007999999797903,,,
160,2014,Spain,455.0,525.25,0.3099999974171321,1810.0,0.0160000007599592,,,
161,2014,Sweden,1000.0,1626.6666666666667,1.0349999964237213,1985.25,0.13300000379482899,,,
162,2014,Switzerland,699.5,984.0,0.5649999901652336,1900.0,0.10249999910593025,,,
163,2014,Turkiye,1.0,34.0,0.0120000001043081,260.0,0.0038000000640749,,,
164,2014,USA,20000.0,59000.0,0.8899999856948853,145000.0,0.1400000005960464,820.0,0.0083999997004866,480.0
165,2014,United Kingdom,3860.0,2558.1666666666665,0.363000001758337,4412.333333333333,0.10049999877810473,,,
166,2014,World,,51100.0,0.3743750023422763,112380.0,0.05957499844953412,3680.0,0.0046075001009739745,273.5
167,2015,Australia,,880.0,0.2000000029802322,1800.0,0.0320000015199184,,,
168,2015,Austria,0.1000000014901161,711.25,0.7666666433215141,1548.2,0.45537499448983,,,
169,2015,Belgium,688.5,1322.6666666666667,0.4449999891221523,1294.8333333333333,0.18309999606572086,,,
170,2015,Brazil,,33.333333333333336,0.0175499997567385,74.0,0.0004199999966658,,,
171,2015,Canada,1731.5,1363.0,0.1476666690626492,3526.8,0.029300000319684164,,,
172,2015,Chile,13.5,18.0,0.0189999993890523,34.5,0.0024999999441206,,,
173,2015,China,29500.0,60500.0,5.050000011920929,64431.0,0.7292500007897615,6795.0,0.0087124997953651,512.5
174,2015,Denmark,1185.0,1266.25,1.699999988079071,1529.1666666666667,0.14774999953806398,,,
175,2015,EU27,,18160.14285714286,0.4885249970247969,40788.42857142857,0.08315000089351082,,,
176,2015,Europe,,28307.14285714286,0.4535500135971233,60321.42857142857,0.07534999807830894,334.25,0.00154724998537855,91.17499989271164
177,2015,Finland,420.0,330.0,0.6000000238418579,790.0,0.0610000006854534,,,
178,2015,France,5240.0,5532.2,1.1633333563804626,12703.333333333334,0.204749999102205,,,
179,2015,Germany,2535.0,6000.5,0.5800000131130219,13201.0,0.1349999979138374,,,
180,2015,Greece,8.0,28.5,0.0750000029802322,59.5,0.0023000000510364,,,
181,2015,Iceland,11.0,144.5,2.069999933242798,193.0,0.19175000116229055,,,
182,2015,India,,275.0,0.0170000009238719,2250.0,0.0103499998804181,,4.30000009146e-05,2.450000047683716
183,2015,Israel,0.1000000014901161,34.0,0.0240000002086162,670.0,0.0460000000894069,,,
184,2015,Italy,885.0,667.25,0.16966666777928666,2600.0,0.03450000053271645,,,
185,2015,Japan,11000.0,6208.0,0.24166665940235055,35330.25,0.09873333356032767,,,
186,2015,Korea,,842.5,0.0745666644846399,1522.5,0.012899999467966399,,,
187,2015,Mexico,83.0,49.5,0.0074999998323619,123.5,0.0012000000569969,,,
188,2015,Netherlands,9110.0,9003.6,3.6469999561086297,17814.0,0.5535000115633011,,,
189,2015,New Zealand,,250.0,0.2000000029802322,325.0,0.3310000021010637,,,
190,2015,Norway,2765.0,11536.666666666666,12.049999952316284,23433.333333333332,1.4399999529123306,,,
191,2015,Other Europe,,379.0,0.0843333353598912,1478.2,0.00887000014336075,,,
192,2015,Poland,149.0,58.75,0.03699999954551455,844.0,0.0085800001203703,,,
193,2015,Portugal,611.0,392.6666666666667,0.3799999952316284,1265.0,0.0529999993741512,,,
194,2015,Rest of the world,,1407.0,0.01854999922215935,1773.6666666666667,0.0019450000327196,530.3999999761581,0.000535474989419475,30.06750001013279
195,2015,South Africa,,120.0,0.0579999983310699,140.0,0.0046000001020729,,,
196,2015,Spain,820.0,655.5,0.20633332928021741,2266.6666666666665,0.025000000372529002,,,
197,2015,Sweden,1100.0,1506.8333333333333,1.3700000445048017,2638.6666666666665,0.2433333347241083,,,
198,2015,Switzerland,1805.0,1953.3333333333333,1.0850000232458115,2862.75,0.13666666485369203,,,
199,2015,Turkiye,7.0,115.0,0.0309999994933605,370.0,0.0052999998442828,,,
200,2015,USA,15750.0,57000.0,0.7799999713897705,200000.0,0.1899999976158142,1900.0,0.0109999999403953,630.0
201,2015,United Kingdom,4650.0,5014.166666666667,0.41412500152364373,8885.0,0.12150000035762781,,,
202,2015,World,,102254.28571428571,1.8899999484419823,209914.2857142857,0.18299999181181187,8155.0,0.01359999974374655,789.75
203,2016,Australia,,685.0,0.1500000059604644,2500.0,0.0430000014603138,,,
204,2016,Austria,0.1000000014901161,1290.5,1.3266666332880657,2610.2,0.530474997474812,,,
205,2016,Belgium,805.0,2335.25,0.6433333487560352,2431.5714285714284,0.27902500587515533,,,
206,2016,Brazil,,64.0,0.0284999990835785,162.5,0.0009100000024773,,,
207,2016,Canada,2020.0,3868.3333333333335,0.400500014424324,5806.8,0.0476300002240653,,,
208,2016,Chile,13.5,15.5,0.0149999996647238,50.0,0.0035000001080334,,,
209,2016,China,70500.0,67143.58571427209,4.9000000059604645,116877.76249998808,1.3150000423192978,8875.0,0.013937500465544825,834.75
210,2016,Denmark,2255.0,402.2,0.5100000103314718,1769.0,0.17125000199303028,,,
211,2016,EU27,,18382.0,0.816625012550503,59654.28571428572,0.12842500134138385,,,
212,2016,Europe,,32138.714285714286,0.6838749898597598,92371.42857142857,0.1167999983299523,380.25,0.0023057499329297,133.625
213,2016,Finland,425.0,710.0,1.2000000476837158,816.5,0.30999999865889544,,,
214,2016,France,10000.0,6995.0,1.5,16050.142857142857,0.2692500008270144,,,
215,2016,Germany,3215.0,5326.0,1.6900000373522441,13239.0,0.23333332935969034,,,
216,2016,Greece,8.5,48.5,0.1199999973177909,109.0,0.0041999998502433,,,
217,2016,Iceland,25.5,393.3333333333333,3.1899999380111694,433.0,0.3589999992400408,,,
218,2016,India,25.0,311.6666666666667,0.04100000113248825,1693.3333333333333,0.008233333549772667,,3.3666667301633336e-05,1.9433333824078243
219,2016,Israel,0.1000000014901161,24.333333333333332,0.0659999996423721,468.3333333333333,0.0295000001788139,,,
220,2016,Italy,1235.0,879.5,0.6466666559378306,2859.5,0.04533333269258336,,,
221,2016,Japan,12050.0,6182.0,0.2343333413203557,40157.25,0.11200000035266079,,,
222,2016,Korea,1010.0,1268.5,0.12379999738186594,2666.0,0.023466667664858165,,,
223,2016,Mexico,123.0,385.0,0.0509999990463256,515.0,0.0048000002279877,,,
224,2016,Netherlands,16200.0,5836.0,5.0466665377219515,22772.6,0.8082500016316772,,,
225,2016,New Zealand,,770.0,0.5699999928474426,808.3333333333334,0.35500001162290573,,,
226,2016,Norway,3750.0,11413.25,10.553333322207132,29003.25,1.600000058611234,,,
227,2016,Other Europe,,446.4,0.26577500521671027,2108.6,0.014615000050980525,,,
228,2016,Poland,161.0,131.75,0.044599999130393,665.5,0.012049500061038951,,,
229,2016,Portugal,670.5,618.0,0.4699999988079071,2200.0,0.0900000035762786,,,
230,2016,Rest of the world,,536.0,0.00692500013974495,2313.0,0.0024800001119728503,490.75,0.000693900026817525,40.5
231,2016,South Africa,,190.0,0.1000000014901161,330.0,0.0099999997764825,,,
232,2016,Spain,1765.0,852.0,0.3579999916255474,3800.0,0.05049999989569185,,,
233,2016,Sweden,1700.0,2599.0,2.7623334278663,4695.166666666667,0.4333333373069763,,,
234,2016,Switzerland,1890.0,1547.5,0.7533333251873652,3311.2,0.18500000735123945,,,
235,2016,Turkiye,9.0,63.5,0.0170000009238719,315.0,0.0082999998703598,,,
236,2016,USA,19050.0,80000.0,1.0,285000.0,0.2599999904632568,3500.0,0.0140000004321336,830.0
237,2016,United Kingdom,6400.0,5755.0,0.9289999972097576,13040.0,0.18275000154972068,,,
238,2016,World,,111771.88749998808,1.782499946653843,298250.6374999881,0.3177499994635582,10630.0,0.020724999892990998,1212.5
239,2017,Australia,240.0,1150.0,0.2599999904632568,3650.0,0.0610000006854534,,,
240,2017,Austria,0.1000000014901161,1843.25,0.9666666736205419,4148.2,0.5504749895771965,,,
241,2017,Belgium,860.0,2966.6,0.9999999701976776,4491.142857142857,0.3774249963462353,,,
242,2017,Brazil,,105.66666666666667,0.01264999969862395,340.0,0.0019000000320374,,,
243,2017,Canada,2935.0,5570.333333333333,0.5800000056624413,9406.8,0.07095999783875102,,,
244,2017,Chile,20.5,67.5,0.0610000006854534,115.5,0.0078999996185302,,,
245,2017,China,106500.0,117068.57142857143,6.799999952316284,219127.125,2.0074999928474426,10575.0,0.019800000532995875,1200.0
246,2017,Denmark,2285.0,285.0,0.2933333379526933,1887.3333333333333,0.17124999826773996,,,
247,2017,EU27,,26339.571428571428,0.7604249904688913,71581.25,0.17600000079255548,,,
248,2017,Europe,,45227.71428571428,0.7255500089377165,115477.5,0.15937499504070723,487.5,0.0031859999471634502,182.875
249,2017,Finland,425.0,630.6,0.8422499783337116,1470.8,0.42000000675519306,,,
250,2017,France,10500.0,8603.6,0.992974984808825,19245.125,0.32975000282749534,,,
251,2017,Germany,5400.0,14632.25,1.2066666781902313,20044.0,0.33333332836627955,,,
252,2017,Greece,12.0,95.0,0.2199999988079071,205.0,0.0077999997884035,,,
253,2017,Iceland,34.0,770.0,5.120000004768372,1039.4,0.6825000010430813,,,
254,2017,India,122.5,713.3333333333334,0.17050000093877316,2833.3333333333335,0.016800000021855,,4.966666650336666e-05,2.866666595141093
255,2017,Israel,0.1000000014901161,556.6666666666666,0.7349999845027924,1048.3333333333333,0.1024999991059303,,,
256,2017,Italy,1395.0,1086.2,0.47666666905085237,4161.5,0.05400000140070913,,,
257,2017,Japan,14650.0,13582.5,0.4380000171562035,51982.25,0.1340000002334515,,,
258,2017,Korea,6650.0,7335.0,0.9200000166893004,6346.0,0.052200002013705636,,,
259,2017,Mexico,375.0,600.0,0.0829999968409538,1115.0,0.0099999997764825,,,
260,2017,Netherlands,16705.0,2735.0,5.73666665951411,24320.0,1.0970000065863132,,,
261,2017,New Zealand,100.0,1147.0,0.6370000243186951,1988.6666666666667,0.41999998688697815,,,
262,2017,Norway,4610.0,12558.0,10.658000006340444,30490.5,1.828100000624545,,,
263,2017,Other Europe,,1070.2,0.6499999910593033,2793.0,0.026897500196355326,,,
264,2017,Poland,260.0,369.3333333333333,0.12099999934434891,792.25,0.0121734995882434,,,
265,2017,Portugal,825.0,1148.0,0.9833333293596903,2224.75,0.10896666922296079,,,
266,2017,Rest of the world,,572.0,0.007936666544992433,2319.25,0.0021810000580444002,448.5,0.0009696750255443,55.549999952316284
267,2017,South Africa,62.0,99.0,0.0529999993741512,430.0,0.0130000002682209,,,
268,2017,Spain,2450.0,1375.8333333333333,0.3370000009890646,3888.4,0.12833333512147263,,,
269,2017,Sweden,2095.0,5153.0,2.123333305120468,6427.714285714285,0.4603000009083189,,,
270,2017,Switzerland,2000.0,2155.5,1.113333356877168,5131.4,0.27333334088325495,,,
271,2017,Thailand,48.0,,,,,,,
272,2017,Turkiye,38.0,55.5,0.0149999996647238,370.0,0.0093000000342726,,,
273,2017,USA,21700.0,97000.0,1.2000000476837158,380000.0,0.3300000131130218,3700.0,0.0189999993890523,1100.0
274,2017,United Kingdom,7600.0,7207.857142857143,0.7370749993715435,19474.285714285714,0.22750000096857548,,,
275,2017,World,,179833.75,2.2775000482797623,465837.5,0.4749999903142452,12750.0,0.028925000107847126,1712.5
276,2018,Australia,365.5,1800.0,0.4199999868869781,5450.0,0.0890000015497207,,,
277,2018,Austria,0.1000000014901161,1917.6,1.3799999933689833,5792.2,0.6402499903924763,,,
278,2018,Belgium,1470.0,2246.1666666666665,1.0122250127606094,6455.0,0.47299999883398414,,,
279,2018,Brazil,227.45000004768372,72.4,0.03227500012144442,223.2,0.0019675000057759002,,,
280,2018,Canada,3970.0,11006.5,0.9929333527882894,14510.0,0.10064249866627502,,,
281,2018,Chile,34.5,89.0,0.0719999969005584,205.0,0.0130000002682209,,,
282,2018,China,135000.0,185428.57142857142,7.224999964237213,382502.125,2.9525000900030136,12442.5,0.0285749998874962,1685.0
283,2018,Denmark,2345.0,809.3333333333334,0.7649999773129821,2686.0,0.2319999947212636,,,
284,2018,EU27,,37277.71428571428,1.1472500003874302,104183.75,0.23724999930709598,,,
285,2018,Europe,,59331.42857142857,1.0804999824613333,167376.25,0.21525000222027296,642.0,0.004333500091888675,257.125
286,2018,Finland,465.0,1434.0,1.7533332755168278,3140.4,0.5166666607062022,,,
287,2018,France,12350.0,10860.0,1.5022499999031425,25496.375,0.43250000197440386,,,
288,2018,Germany,9750.0,14664.6,1.2675000131130219,27794.85714285714,0.3422500006854534,,,
289,2018,Greece,20.5,78.0,0.2866666615009308,183.5,0.006433333503082333,,,
290,2018,Iceland,47.5,1840.0,20.0,1792.2,1.2374999821186066,,,
291,2018,India,177.5,876.6666666666666,0.15999999549239868,3633.3333333333335,0.024766666038582668,,8.400000175843333e-05,4.800000190734863
292,2018,Israel,0.1000000014901161,1251.0,0.9050000309944153,2292.6666666666665,0.19500000029802322,,,
293,2018,Italy,1735.0,2600.0,0.7900000015894572,6752.5,0.08766666551431013,,,
294,2018,Japan,14850.0,10059.0,0.3039500054437667,47648.8,0.11561000403162318,,,
295,2018,Korea,13600.0,14937.5,1.2893333037694295,15257.5,0.1223333347588777,,,
296,2018,Mexico,588.0,900.0,0.1299999952316284,2015.0,0.0189999993890523,,,
297,2018,Netherlands,18410.0,5723.6,6.692500036209822,29344.0,1.4465000219643116,,,
298,2018,New Zealand,144.5,1870.3333333333333,1.405000001192093,3825.6666666666665,0.5849999934434891,,,
299,2018,Norway,5250.0,18703.0,18.366666674613953,41959.166666666664,2.5656000050948933,,,
300,2018,Other Europe,,1795.4,0.49000000456968945,4691.833333333333,0.038647500725346576,,,
301,2018,Poland,385.0,304.6,0.6630000124375025,964.75,0.01469750033356825,,,
302,2018,Portugal,890.0,2065.0,2.046666661898295,4265.75,0.18633332848548886,,,
303,2018,Rest of the world,,674.6666666666666,0.016430000221589573,2221.3333333333335,0.002792250096717875,491.0,0.00157599997874055,89.72499999403954
304,2018,South Africa,120.5,74.0,0.0410000011324882,505.0,0.0149999996647238,,,
305,2018,Spain,2510.0,2687.6,0.8266666730244955,6596.0,0.17666666458050406,,,
306,2018,Sweden,3250.0,4984.5,2.932249952107668,9843.285714285714,0.7936999818775803,,,
307,2018,Switzerland,2525.0,2454.5,1.45333335796992,7209.4,0.38666666050752,,,
308,2018,Thailand,48.0,,,,,,,
309,2018,Turkiye,38.0,117.5,0.0450000017881393,465.0,0.0120000001043081,,,
310,2018,USA,27100.0,180000.0,2.0,560000.0,0.4799999892711639,5000.0,0.0289999991655349,1700.0
311,2018,United Kingdom,8850.0,9116.57142857143,1.2464999724179506,27835.714285714286,0.29874999821186066,,,
312,2018,World,,285798.75,2.4800000339746475,754350.0,0.7024999894201756,15025.0,0.04187500092666592,2472.5
313,2019,Australia,975.0,4600.0,1.2000000476837158,10300.0,0.1599999964237213,,,
314,2019,Austria,0.1000000014901161,2404.8,1.6812500120140612,8154.4,0.7404999993741512,,,
315,2019,Belgium,3230.0,3629.6,2.4633333683013916,8807.0,0.6204999885521829,,,
316,2019,Brazil,227.45000004768372,408.6,0.06497500120894978,631.8,0.0056624999197083,,,
317,2019,Canada,4490.0,17016.333333333332,1.995000034570694,22684.833333333332,0.16588999352825337,,,
318,2019,Chile,86.0,150.0,0.1400000005960464,325.0,0.0199999995529651,,,
319,2019,China,255000.0,150253.375,5.925000011920929,543505.5,3.4750000089406967,13940.0,0.0304000010946765,1810.0
320,2019,Denmark,2475.0,1403.2857142857142,3.212499910965562,3882.8571428571427,0.6252500070258975,,,
321,2019,EU27,,59313.857142857145,1.975000012665987,149776.25,0.35162499407306314,,,
322,2019,Europe,,85987.0,1.8600000478327274,235173.75,0.30232500447891647,933.75,0.006517499827168626,387.9249999523163
323,2019,Finland,1070.0,1600.4,3.761749972589314,4310.714285714285,0.9314500294858591,,,
324,2019,France,15000.0,11733.333333333334,2.331999928690493,35368.875,0.5399999963119626,,,
325,2019,Germany,14950.0,23100.0,2.1775000393390656,43750.666666666664,0.6333333253860474,,,
326,2019,Greece,36.5,123.0,0.2766666660706201,306.5,0.010733333338672867,,,
327,2019,Iceland,130.0,666.5,13.049999952316284,1987.6666666666667,1.5475000217556953,,,
328,2019,India,177.5,484.25,0.09199999831616876,3214.25,0.036000000312924336,0.0082000000402331,0.0001293333334615,7.4666666984558105
329,2019,Israel,0.1000000014901161,1588.6666666666667,0.9850000143051147,3831.3333333333335,0.2750000059604645,,,
330,2019,Italy,4580.0,4641.25,0.9866666595141093,9096.6,0.2566666702429453,,,
331,2019,Japan,15450.0,7915.6,0.26524999504908914,53760.4,0.131674999021925,,,
332,2019,Korea,22200.0,9327.5,1.196666697661082,25530.0,0.21333332608143485,,,
333,2019,Mexico,588.0,845.0,0.1299999952316284,2800.0,0.0270000007003545,,,
334,2019,Netherlands,23650.0,13728.6,14.540000014007092,42302.0,2.540000034496188,,,
335,2019,New Zealand,195.0,1403.4,1.5049999617040157,3668.4,0.39174999296665186,,,
336,2019,Norway,7000.0,20290.0,25.10000006357829,56152.0,3.7005999881075695,,,
337,2019,Other Europe,,2393.714285714286,0.6078500092262402,7692.833333333333,0.05592000122123857,,,
338,2019,Poland,420.0,577.0,0.5123333285252253,1394.5714285714287,0.07277174935188666,,,
339,2019,Portugal,980.0,2587.4,3.5833332737286887,6120.0,0.3093333418170611,,,
340,2019,Rest of the world,,1720.0,0.037999998778104734,3334.6666666666665,0.004812250052964325,629.5,0.002295749965924125,132.625
341,2019,South Africa,120.0,116.0,0.0640000030398368,620.0,0.0179999992251396,,,
342,2019,Spain,2750.0,3235.1666666666665,1.1299999998882413,7372.714285714285,0.20270999686908905,,,
343,2019,Sweden,4500.0,8500.0,5.2317500240169466,14456.857142857143,1.14824999589473,,,
344,2019,Switzerland,3095.0,3582.6,2.147499978542328,10331.4,0.5633333424727122,,,
345,2019,Thailand,409.5,,,,,,,
346,2019,Turkiye,90.0,162.0,0.0839999988675117,920.0,0.0230000000447034,,,
347,2019,USA,38500.0,162500.0,2.0999999046325684,725000.0,0.6200000047683716,6300.0,0.0390000008046627,2200.0
348,2019,United Kingdom,13350.0,13141.666666666666,1.4822500264272094,37522.857142857145,0.3869999982416629,,,
349,2019,World,,282422.5,2.1374999284744263,1041850.0,0.8124999850988388,17175.0,0.04997499985620375,2892.5
350,2020,Australia,1175.0,3450.0,1.100000023841858,13500.0,0.2199999988079071,,,
351,2020,Austria,0.1000000014901161,6088.5,4.366666674613953,12696.6,0.9135000286623836,,,
352,2020,Belgium,4240.0,6793.428571428572,4.68499999679625,15306.285714285714,0.933249999769032,,,
353,2020,Brazil,227.45000004768372,512.4,0.08270000084303313,1809.0,0.00722000021778505,,,
354,2020,Canada,6650.0,9011.666666666666,1.602274964330718,31048.666666666668,0.26577500568237156,,,
355,2020,Chile,169.5,94.5,0.1599999964237213,420.0,0.0260000005364418,,,
356,2020,China,405000.0,158127.625,5.400000065565109,693509.625,3.8099999874830246,15290.0,0.031099999381694898,1880.0
357,2020,Denmark,2980.0,5466.833333333333,4.970000006258488,9124.142857142857,1.0342499762773514,,,
358,2020,EU27,,154606.2857142857,4.437500022351742,289062.625,0.5346250063739717,,,
359,2020,Europe,126000.0,177816.375,4.054999999701977,420737.75,0.4602500032633543,1266.5,0.00957749992812745,554.5
360,2020,Finland,2155.0,2906.5,7.117500048130751,8061.571428571428,1.4696250124834478,,,
361,2020,France,17150.0,38877.2,4.253500000108033,67591.42857142857,0.7502500046975911,,,
362,2020,Germany,21600.0,66703.33333333333,5.875000029802322,109346.66666666667,1.1133333245913188,,,
363,2020,Greece,117.0,440.0,1.2766666412353516,835.75,0.02803333336487407,,,
364,2020,Iceland,240.0,1683.0,28.450000047683716,2762.6666666666665,2.0625000298023224,,,
365,2020,India,177.5,1585.75,0.17999999970197675,4462.5,0.05333333400388554,0.0509999990463256,0.0003000000069732333,17.39999993642171
366,2020,Indonesia,50.5,,,,,,,
367,2020,Israel,0.1000000014901161,1742.25,1.2766666412353516,4730.5,0.2603133337300581,,,
368,2020,Italy,6600.0,10226.833333333334,2.086250064894557,17671.166666666668,0.25405000511091197,,,
369,2020,Japan,14950.0,6309.0,0.2854999937117099,62022.4,0.14742499694693828,,,
370,2020,Korea,23400.0,11082.0,3.227999904658645,32362.0,0.4427750101312995,,,
371,2020,Mexico,588.0,1285.6666666666667,0.2164999935775995,3185.6666666666665,0.02434000020730305,,,
372,2020,Netherlands,32550.0,15037.0,24.815000027418137,42526.57142857143,4.007499992847443,,,
373,2020,New Zealand,230.0,920.0,2.4300000332295895,3992.8333333333335,0.4637500047683716,,,
374,2020,Norway,8650.0,13615.125,26.16999990493059,62530.625,5.505499999970198,,,
375,2020,Other Europe,,5050.714285714285,1.3707000047434121,11361.0,0.07992000142985485,,,
376,2020,Poland,840.0,1724.4,2.4199999272823334,2626.714285714286,0.12052099926222579,,,
377,2020,Portugal,1425.0,5017.5,5.783333361148834,10194.0,0.5033333351214727,,,
378,2020,Rest of the world,49000.0,18303.75,0.2745999968028627,80083.25,0.046467499407299294,675.25,0.0033977499842876243,197.125
379,2020,South Africa,150.0,121.0,0.0979999974370002,735.0,0.0219999998807907,,,
380,2020,Spain,4050.0,7344.333333333333,2.060250012204051,13746.285714285714,0.26055000163614744,,,
381,2020,Sweden,5600.0,19255.4,12.199999883770943,26178.85714285714,2.0084999706596136,,,
382,2020,Switzerland,3950.0,5806.166666666667,5.080000013113022,14423.333333333334,0.929999977350235,,,
383,2020,Thailand,955.0,,,,,,,
384,2020,Turkiye,660.0,645.0,0.1700000017881393,1950.0,0.0320000015199184,,,
385,2020,USA,49500.0,147000.0,2.200000047683716,870000.0,0.7699999809265137,5400.0,0.0430000014603138,2500.0
386,2020,United Kingdom,14100.0,30762.666666666668,4.786499976180494,61208.57142857143,0.6212499886751175,,,
387,2020,World,630000.0,395577.5,2.5899999290704727,1434812.5,0.939999982714653,18550.0,0.05499999830499288,3265.0
388,2021,Australia,1160.0,10200.0,2.799999952316284,24000.0,0.3899999856948852,,,
389,2021,Austria,5250.0,8376.333333333334,6.392500028014183,18637.166666666668,1.2452499940991402,,,
390,2021,Belgium,6395.0,10274.857142857143,11.246499996632338,24978.714285714286,1.3285000030882657,,,
391,2021,Brazil,352.4500000476837,3515.0,0.3050000034272671,4897.5,0.018733333020160534,,,
392,2021,Canada,7550.0,18490.0,3.866666634877523,44807.0,0.5010250037303194,,,
393,2021,Chile,240.0,285.0,0.1899999976158142,705.0,0.0419999994337558,,,
394,2021,China,575000.0,424357.5,7.6249998807907104,1125028.75,4.515000030398369,16555.0,0.04362499993294475,2600.0
395,2021,Denmark,3620.0,11177.833333333334,19.05249997973442,21252.85714285714,2.5124999433755875,,,
396,2021,EU27,,224957.0,7.65249989181757,510532.125,0.8310000179335475,,,
397,2021,Europe,178000.0,295994.5,6.947499938309193,716267.375,0.7235000161454082,1181.25,0.020882499215076625,1215.25
398,2021,Finland,3285.0,5095.0,20.99150002375245,14465.857142857143,1.6227499525994062,,,
399,2021,France,27250.0,44785.71428571428,7.820000097155571,111724.28571428571,1.179250012151897,,,
400,2021,Germany,29650.0,100702.14285714286,10.449999988079071,194814.2857142857,1.4699999876320362,,,
401,2021,Greece,650.0,1775.5,3.950000047683716,2088.8,0.066266668960452,,,
402,2021,Iceland,340.0,3098.3333333333335,40.09999990463257,5275.6,3.4199999943375587,,,
403,2021,India,471.0,3737.5,0.39000000059604645,7900.0,0.09033333261807754,0.11999999731779092,0.0004766666679642667,27.5
404,2021,Indonesia,92.0,,,,,,,
405,2021,Israel,0.1000000014901161,4018.8333333333335,2.0207500429823995,8635.6,0.36082500926568173,,,
406,2021,Italy,11100.0,23611.833333333332,4.2612499706447124,40101.166666666664,0.3819000064395368,,,
407,2021,Japan,14500.0,15306.666666666666,0.6750000268220901,70222.4,0.16492499702144411,,,
408,2021,Korea,53500.0,30085.0,8.249999940395355,56422.0,0.855275004170835,,,
409,2021,Mexico,588.0,2330.0,0.42500000074505806,5516.666666666667,0.04425000119954345,,,
410,2021,Netherlands,41800.0,14052.285714285714,20.137500017881393,57286.857142857145,4.814999952912331,,,
411,2021,New Zealand,300.0,1511.2857142857142,6.117499977350235,5234.0,0.6712500005960464,,,
412,2021,Norway,9850.0,21403.714285714286,25.25,80249.75,7.027499999850988,,,
413,2021,Other Europe,,8802.857142857143,2.7004999755881727,20190.428571428572,0.14037499687401575,,,
414,2021,Poland,1850.0,2481.0,2.377024970250204,5742.571428571428,0.14837250520940864,,,
415,2021,Portugal,2100.0,4902.166666666667,9.700000047683716,13403.166666666666,0.7433333297570547,,,
416,2021,Rest of the world,79000.0,34050.52380952381,0.3774258237814743,105373.54545454546,0.07098250194394491,710.75,0.005783749806141675,325.10000002384186
417,2021,South Africa,150.0,135.5,0.0890000015497207,870.0,0.0260000005364418,,,
418,2021,Spain,4100.0,9932.57142857143,3.868750024586916,23641.428571428572,0.40877500630449504,,,
419,2021,Sweden,6850.0,27566.0,19.00749994814396,44179.28571428572,3.0209999699145555,,,
420,2021,Switzerland,5250.0,9259.833333333334,9.087500020861626,23842.5,1.4566667079925537,,,
421,2021,Thailand,1135.0,,,,,,,
422,2021,Turkiye,990.0,1960.0,0.550000011920929,4300.0,0.0729999989271164,,,
423,2021,USA,57000.0,315000.0,4.5,1110000.0,0.949999988079071,6500.0,0.0689999982714653,4000.0
424,2021,United Kingdom,18350.0,53981.666666666664,8.792499989271164,106052.85714285714,0.9899999871850014,,,
425,2021,World,885000.0,844275.0,3.594999983906746,2219250.0,1.1474999859929085,20025.0,0.08900000108405942,5320.0
426,2022,Australia,1285.0,19450.0,5.099999904632568,44000.0,0.5899999737739563,,,
427,2022,Austria,7800.0,8197.333333333334,8.99999988079071,26651.5,1.6174999885261059,,,
428,2022,Belgium,12050.0,14140.714285714286,10.15750002488494,39243.857142857145,1.7562500000931323,,,
429,2022,Brazil,602.4500000476837,4161.4,0.6597499959170818,13366.666666666666,0.057999998331069905,,,
430,2022,Canada,10450.0,20866.666666666668,3.9624998867511745,66648.33333333333,0.7452499959617853,,,
431,2022,Chile,330.0,750.0,0.4900000095367431,1450.0,0.0820000022649765,,,
432,2022,China,880000.0,767162.5,14.199999928474426,1955337.5,5.6500000059604645,12401.666666666666,0.0693000023020431,4217.5
433,2022,Denmark,4750.0,9951.166666666666,19.814999997615814,30917.85714285714,4.432500001043081,,,
434,2022,EU27,,256248.0,9.072499945759773,741172.0,1.1509999837726355,,,
435,2022,Europe,259000.0,337473.125,8.857499897480011,1013458.875,1.0105000296607616,6008.333333333333,0.030441667030875835,1849.1666666666667
436,2022,Finland,4500.0,5333.666666666667,27.962500020861626,21062.428571428572,2.739250016864389,,,
437,2022,France,41850.0,51117.42857142857,9.949999958276749,152348.7142857143,1.3282500179484487,,,
438,2022,Germany,38500.0,121463.57142857143,13.150000005960464,278071.4285714286,2.0237499997019768,,,
439,2022,Greece,1495.0,1694.4,3.3600000143051147,3943.0,0.1321666714114447,,,
440,2022,Iceland,515.0,3037.75,29.066666682561237,7920.8,6.443333367506663,,,
441,2022,India,5450.0,12633.25,0.8099999986588955,20530.0,0.14333333571751908,158.77090908993375,0.0006729272795382454,39.202545403079554
442,2022,Indonesia,355.0,,,,,,,
443,2022,Israel,1385.0,7269.0,6.739999998360872,17754.2,0.894000000320375,,,
444,2022,Italy,18750.0,19807.833333333332,3.9917500242590904,60825.666666666664,0.5250000008381902,,,
445,2022,Japan,14700.0,32505.0,2.623333305120468,89826.4,0.24794999719597396,,,
446,2022,Korea,100500.0,41910.0,12.53333322207133,88642.0,1.4127500387548935,,,
447,2022,Mexico,1038.0,2272.5,0.34466667535404355,6302.5,0.04862666496774176,,,
448,2022,Netherlands,62150.0,15994.0,22.084999904036522,68259.875,5.784999962896109,,,
449,2022,New Zealand,340.0,4802.833333333333,5.087500050663948,9556.57142857143,0.7249999810010195,,,
450,2022,Norway,12050.0,28981.666666666668,41.85000002384186,101578.0,9.417500026524067,,,
451,2022,Other Europe,,11408.285714285714,3.176324952277355,36623.0,0.27807499613845715,,,
452,2022,Poland,2550.0,3755.4285714285716,2.707750027999282,9282.142857142857,0.23274499806575477,,,
453,2022,Portugal,2800.0,7015.6,10.399999936421713,19095.166666666668,1.1066666742165883,,,
454,2022,Rest of the world,133000.0,71323.76470588235,0.8616000145673752,156231.18181818182,0.11156916589728394,1708.3333333333333,0.011185833219011884,645.7166666984558
455,2022,South Africa,150.0,310.0,0.1700000017881393,1110.0,0.0320000015199184,,,
456,2022,Spain,6100.0,12285.0,5.312499865889549,34444.28571428572,0.6040000133216381,,,
457,2022,Sweden,8800.0,28066.166666666668,21.75,56812.375,4.544250035658479,,,
458,2022,Switzerland,6150.0,10252.5,17.53333346048991,29753.571428571428,1.794999971985817,,,
459,2022,Thailand,1850.0,,,,,,,
460,2022,Turkiye,990.0,3770.0,1.0,8150.0,0.1400000005960464,,,
461,2022,USA,64000.0,495000.0,7.699999809265137,1480000.0,1.2999999523162842,15000.0,0.1099999994039535,6400.0
462,2022,United Kingdom,25300.0,64726.666666666664,11.375000029802322,142095.7142857143,1.3224999755620956,,,
463,2022,World,1350000.0,1329100.0,5.649999976158142,3496125.0,1.5574999526143074,24400.0,0.14175000134855506,8275.0
464,2025,China,2200000.0,1334100.0,29.0,5336000.0,10.0,32225.0,0.1767500005662441,10587.5
465,2025,Europe,600000.0,690043.75,18.375,2797487.5,3.4224999994039536,17225.0,0.08049999759532504,4647.5
466,2025,India,36000.0,41561.875,6.2037499994039536,86214.9375,0.831500002881512,864.75,0.0036825000752286874,212.0
467,2025,Rest of the world,250000.0,236975.0,2.9737499989569187,726937.5,0.5287500019185245,6643.75,0.0370750001748092,2160.0
468,2025,USA,275000.0,436187.5,12.5,1356337.5,2.106249999254942,15087.5,0.09833750250982115,5653.75
469,2025,World,3350000.0,2779687.5,13.0,10251250.0,3.5,72125.0,0.3866250133141875,23450.0
470,2030,China,3800000.0,1882812.5,47.25,13529625.0,19.375,81500.0,0.4306250074878335,25837.5
471,2030,Europe,1190000.0,1387393.75,45.0,7647312.5,11.875,54375.0,0.22500000428408384,13100.0
472,2030,India,149500.0,204718.76249998808,17.5,717091.1875,5.259999997913837,6712.5,0.025337499857414476,1465.0
473,2030,Rest of the world,570000.0,830500.0,9.625,3503687.5,3.0287499986588955,36575.0,0.1801249957643449,10462.5
474,2030,USA,690000.0,1044700.0,36.375,5166375.0,11.5,59650.0,0.3401250084862113,19037.5
475,2030,World,6350000.0,5328437.5,23.875,30908125.0,9.0,238500.0,1.190000019967556,70000.0
